{
  "random_forest": {
    "cv_accuracy_mean": 0.556060606060606,
    "cv_accuracy_std": 0.08068804215572331,
    "cv_precision_mean": 0.47419047619047616,
    "cv_recall_mean": 0.5033333333333333,
    "cv_f1_mean": 0.4546464646464646,
    "best_params": {
      "model__n_estimators": 200,
      "model__min_samples_split": 4,
      "model__min_samples_leaf": 2,
      "model__max_features": null,
      "model__max_depth": 10,
      "model__bootstrap": false
    },
    "final_accuracy": 0.9642857142857143,
    "feature_importance": {
      "corporate_office": 0.3607843078796534,
      "shopping_mall": 0.21373203511555852,
      "transportation": 0.11307718713752452,
      "financial_inst": 0.08517663087103491,
      "automotive": 0.056396817460768446,
      "entertainment": 0.04744679797545451,
      "amenity_diversity_index": 0.037299475807277285,
      "educational_inst": 0.025140203559025357,
      "food_beverage": 0.02246185548587416,
      "population": 0.016963439294970715,
      "retail_outlet": 0.010314208489464958,
      "service_business": 0.006278518336507154,
      "healthcare": 0.004928522586886117
    },
    "classification_report": {
      "Business & Trade": {
        "precision": 0.9,
        "recall": 1.0,
        "f1-score": 0.9473684210526315,
        "support": 9.0
      },
      "Community Services": {
        "precision": 0.95,
        "recall": 0.95,
        "f1-score": 0.95,
        "support": 20.0
      },
      "Food & Beverage": {
        "precision": 1.0,
        "recall": 1.0,
        "f1-score": 1.0,
        "support": 5.0
      },
      "Leisure & Lifestyle": {
        "precision": 1.0,
        "recall": 0.9230769230769231,
        "f1-score": 0.96,
        "support": 13.0
      },
      "Retail & Commerce": {
        "precision": 1.0,
        "recall": 1.0,
        "f1-score": 1.0,
        "support": 9.0
      },
      "accuracy": 0.9642857142857143,
      "macro avg": {
        "precision": 0.97,
        "recall": 0.9746153846153847,
        "f1-score": 0.9714736842105264,
        "support": 56.0
      },
      "weighted avg": {
        "precision": 0.9660714285714286,
        "recall": 0.9642857142857143,
        "f1-score": 0.9643984962406016,
        "support": 56.0
      }
    }
  }
}